title,replies_count,date,author,status,upvotes,downvotes,abstain,aggregate_votes,payments_made,payments_total,DASH_monthly,DASH_total,USD_rate,USD_monthly,USD_total,type,type2
reimbursement,1,08/27/2015,eduffield,approved,1434,23,0,1411,1,1,"2,529.00","2,529.00",2.43,6145.47,6145.47,core,NA
Electrum Client/Server Implementation,0,09/23/2015,eduffield,approved,1132,2,0,1130,1,1,308.65,308.65,2.38,734.587,734.587,core,NA
Liquidity Provider,14,09/25/2015,eduffield,approved,828,92,0,736,1,1,127,127,2.38,302.26,302.26,core,NA
3rd Latin American Bitcoin Conference 2015,1,10/29/2015,eduffield,approved,722,29,0,693,1,1,"1,787.79","1,787.79",2.37,4237.0623,4237.0623,conference,NA
Dash.org domain name,3,12/1/2015,eduffield,approved,1661,242,0,1419,3,4,"2,100.00","6,300.00",2,4200,12600,core,NA
Dash Sponsorship in 10 episodes of The Daily Decrypt,45,12/22/2015,TheDailyDecrypt,approved,1121,487,0,634,1,1,150,150,2.58,387,387,marketing,NA
Instantx Soda Machine (correct proposal),6,1/2/2016,eduffield,approved,1176,522,0,654,1,1,590,590,3.65,2153.5,2153.5,marketing,NA
Block Size Limitation Increase,10,01/18/2016,eduffield,approved,2129,18,0,2111,1,1,5,5,4.75,23.75,23.75,governance,NA
Satoshi Roundtable Conference,29,01/28/2016,eduffield,approved,1040,77,0,963,2,2,717.7,"1,435.40",4.02,2885.154,5770.308,conference,NA
Wifi-Portal for Retail Instore Purchasing,7,02/02/2016,Solarminer,approved,1203,115,0,1088,1,1,200,200,3.66,732,732,application,NA
Catch Leftover Funding - 16,1,02/02/2016,eduffield,not_approved,53,390,0,-337,0,48,16,0,3.66,58.56,0,core,NA
Catch Leftover Funding - 1024,16,02/02/2016,eduffield,not_approved,41,368,0,-327,0,48,"1,024.00",0,3.66,3747.84,0,core,NA
Dash Core Team Xtra Payment (Corrected),6,2/4/2016,ddink7,approved,762,17,0,745,0,1,625,0,4.8,3000,0,core,NA
Dash to Fiat Payment Processor,39,02/23/2016,DartPayments,not_approved,839,1187,0,-348,1,3,400,400,3.78,1512,1512,application,NA
Dash World: Evolution in Marketing,14,03/09/2016,GreyGhost,not_approved,631,747,0,-116,0,4,"1,175.00",0,4.27,5017.25,0,marketing,NA
DashPayments for WooCommerce — WordPress Plugin,11,03/16/2016,nmarley,approved,982,109,0,873,1,1,788,788,6.27,4940.76,4940.76,application,NA
Electrum Maintenance,22,03/24/2016,eduffield,approved,1085,98,0,987,3,3,45.8,137.4,6.54,299.532,898.596,core,NA
Dash.org purchase - December Payment Replacement,13,03/29/2016,babygiraffe,approved,868,51,0,817,3,3,701.67,"2,105.01",7.08,4967.8236,14903.4708,core,NA
Liquidity Providers v2,4,04/14/2016,babygiraffe,approved,1238,129,0,1109,2,2,48.87,97.74,6.44,314.7228,629.4456,core,NA
Dash Electrum Masternode / Trezor Support,2,04/30/2016,babygiraffe,approved,1135,19,0,1116,1,1,158.37,158.37,6.75,1068.9975,1068.9975,application,NA
WebEx Premium Subscription,1,5/22/2016,babygiraffe,approved,857,7,0,850,1,1,78.68,78.68,8.03,631.8004,631.8004,core,NA
Dash's Very Own YouTube Show,22,06/08/2016,amanda_b_johnson,approved,1439,24,0,1415,3,3,123,369,7.85,965.55,2896.65,community,NA
Tao: Community Coordinator,35,06/17/2016,TaoOfSatoshi,not_approved,606,551,0,55,0,6,61,0,8.27,504.47,0,community,NA
Integration With A Flagship Merchant,18,06/18/2016,babygiraffe,approved,1036,31,0,1005,1,1,603.59,603.59,8.25,4979.6175,4979.6175,application,NA
Marketing - International Outreach & Promotion,0,06/20/2016,babygiraffe,approved,882,30,0,852,1,1,270.57,270.57,8.13,2199.7341,2199.7341,marketing,NA
Evolution Development - Graphic Design,1,06/21/2016,babygiraffe,approved,808,20,0,788,1,1,955.17,955.17,7.83,7478.9811,7478.9811,design,NA
PR - Fall Campaign Pre-Funding,16,06/28/2016,babygiraffe,approved,756,131,0,625,1,1,133.98,133.98,6.85,917.763,917.763,marketing,NA
Proposal: Infrastructure - Liquidity Providers (Aug),0,07/15/2016,babygiraffe,approved,596,72,0,524,1,1,43.67,43.67,8.18,357.2206,357.2206,core,NA
Dash Across America Crypto Only Promotional Road Trip,35,07/17/2016,sovbtc,approved,837,226,0,611,1,1,700,700,8.17,5719,5719,marketing,NA
Business Development (Aug),2,07/23/2016,babygiraffe,approved,1093,6,0,1087,1,1,651.41,651.41,9.3,6058.113,6058.113,core,NA
Applications (Work Apps & Accounting),1,07/26/2016,babygiraffe,approved,660,6,0,654,1,1,444.33,444.33,8.86,3936.7638,3936.7638,core,NA
HCPP Conference in Prague and preparation for it with meetup in August,10,07/30/2016,Comodore,approved,851,134,0,717,2,2,80,160,9.24,739.2,1478.4,core,NA
Nairobi Cryptocurrency Symposium,15,08/14/2016,Amazing,approved,805,16,0,789,1,1,10,10,14.12,141.2,141.2,marketing,NA
"Marketing, International Outreach & Promotion (Sep.)",5,08/18/2016,babygiraffe,approved,1033,52,0,981,1,1,211.87,211.87,13.91,2947.1117,2947.1117,marketing,NA
Core Development - 12.2 DashDrive Developers (Sept),5,8/19/2016,babygiraffe,approved,1117,7,0,1110,1,1,355.74,355.74,13.62,4845.1788,4845.1788,core,NA
Conference & Travel (Sept),38,08/20/2016,babygiraffe,approved,1081,91,0,990,1,1,"1,044.10","1,044.10",13.09,13667.269,13667.269,marketing,NA
Multimedia Community Outreach,35,08/27/2016,TaoOfSatoshi,approved,866,496,0,370,0,6,50,0,12.51,625.5,0,community,NA
Evolution Development - Subcontractors (Sept),0,8/28/2016,babygiraffe,approved,768,27,0,741,1,1,159.45,159.45,12.22,1948.479,1948.479,core,NA
Legal (Sept),34,08/30/2016,babygiraffe,approved,1308,454,0,854,1,1,"1,497.51","1,497.51",11.65,17445.9915,17445.9915,core,NA
Sponsorship for The Crypto Show and Unsung: Hacking Hunger,45,09/07/2016,Danny_Somthin,approved,821,122,0,699,0,3,197,0,11.31,2228.07,0,marketing,NA
Infrastructure - Liquidity Providers (Oct),3,9/16/2016,babygiraffe,approved,772,78,0,694,1,1,28.92,28.92,11.74,339.5208,339.5208,core,NA
Core Development - Electrum & Sentinel (Oct),2,09/19/2016,babygiraffe,approved,779,49,0,730,1,1,83.64,83.64,11.56,966.8784,966.8784,core,NA
"Marketing, International Outreach, & Promotion (October)",6,09/20/2016,babygiraffe,approved,1053,298,0,755,1,1,231.26,231.26,11.46,2650.2396,2650.2396,marketing,NA
Dash Mobile - Denver Crypto Tour ,18,09/22/2016,UndocumentedHuman,not_approved,206,232,0,-26,0,1,350,0,11.66,4081,0,marketing,NA
Legal Part 2 (Oct),16,09/24/2016,babygiraffe,approved,1275,444,0,831,1,1,"1,733.46","1,733.46",11.59,20090.8014,20090.8014,core,NA
Business Development (October),1,09/27/2016,babygiraffe,approved,1006,245,0,761,1,1,361.77,361.77,11.59,4192.9143,4192.9143,core,NA
"Dashous - Like localbitcoins, for Dash",48,10/10/2016,brettclanton001,approved,955,57,0,898,0,2,95.5,0,11.57,1104.935,0,application,NA
Core Development - Electrum & Sentinel (Nov),2,10/21/2016,babygiraffe,approved,726,27,0,699,1,1,83.64,83.64,10.69,894.1116,894.1116,core,NA
"Marketing, International Outreach, & Promotion (Nov)",0,10/22/2016,babygiraffe,approved,656,40,0,616,1,1,250.84,250.84,10.37,2601.2108,2601.2108,marketing,NA
Business Development - Wall of Coins Integration,37,10/26/2016,babygiraffe,approved,1013,59,0,954,0,3,"1,993.21",0,9.24,18417.2604,0,application,NA
Barcelona Bitcoin Meetup,5,10/30/2016,fernando,approved,739,9,0,730,1,1,47,47,9.67,454.49,454.49,conference,NA
Real Spanish & Russian Translations for DASH: Detailed,6,11/08/2016,amanda_b_johnson,approved,822,5,0,817,0,1,38,0,9.74,370.12,0,translation,NA
"Marketing, International Outreach, & Promotion (Dec)",2,11/23/2016,babygiraffe,approved,725,6,0,719,0,1,305.72,0,8.49,2595.5628,0,marketing,NA
Infrastructure - Datacenter (December),4,11/26/2016,babygiraffe,approved,858,1,0,857,0,1,95,0,8.99,854.05,0,core,NA
Privacy first vs transparency first,65,12/4/2016,GrandMasterDash,not_approved,95,473,0,-378,0,1,1,0,8.79,8.79,0,governance,NA
Dash Across The World,16,12/8/2016,dash-in-canada,not_approved,365,324,0,41,2,3,180,360,8.77,1578.6,3157.2,marketing,NA
Public Relations (Jan),0,12/20/2016,babygiraffe,approved,787,23,0,764,0,1,589.85,0,10.28,6063.658,0,marketing,NA
Dash Offices at SkySong,16,12/22/2016,babygiraffe,approved,805,22,0,783,0,1,209.43,0,9.79,2050.3197,0,core,NA
Evolution Development - Subcontractors (Jan),1,12/27/2016,babygiraffe,approved,700,3,0,697,0,1,621.66,0,9.68,6017.6688,0,core,NA
Conference Materials,5,12/29/2016,babygiraffe,approved,645,3,0,642,0,1,211.78,0,10.87,2302.0486,0,marketing,NA
Help Me Share Dash with Millions on Facebook and YouTube!,25,01/09/2017,JerryBanfield,not_approved,40,446,0,-406,0,1,497,0,12.5,6212.5,0,marketing,NA
"Promote Anonymous Dash Payments to 200,000 Hackers a Month on YouTube!",20,01/11/2017,JerryBanfield,not_approved,166,439,0,-273,1,6,49,49,11.3,553.7,553.7,marketing,NA
Public Relations (Feb),3,01/22/2017,babygiraffe,approved,656,14,0,642,1,1,404.71,404.71,15.09,6107.0739,6107.0739,marketing,NA
Conferences & Travel - ICE Totally Gaming,8,01/24/2017,babygiraffe,approved,656,15,0,641,1,1,287.09,287.09,13.92,3996.2928,3996.2928,marketing,NA
Promote Dash by Sponsoring Future Tech Podcast,7,01/25/2017,haplopelma,approved,568,15,0,553,1,3,20,20,14.29,285.8,285.8,marketing,NA
Admin - HR Consult,3,01/26/2017,babygiraffe,approved,732,30,0,702,1,1,360.06,360.06,15,5400.9,5400.9,core,NA
10 New Dash Video Tutorials for 12.1!,29,02/19/2017,JerryBanfield,approved,756,207,5,549,1,1,29,29,22.75,659.75,659.75,documentation,NA
Bitcuners Meetup Proposal,59,02/20/2017,JZA,approved,1061,487,76,574,2,3,16,32,21.75,348,696,community,NA
Dash Force: February - May,19,02/23/2017,Mastermined,approved,613,44,11,569,3,3,205,615,24.16,4952.8,14858.4,community,NA
Cash Alternative TV Equipment,15,02/24/2017,TaoOfSatoshi,approved,422,20,12,402,1,1,29,29,24.16,700.64,700.64,community,NA
Core Team - Admin (March),3,02/24/2017,babygiraffe,approved,609,16,0,593,1,1,966,966,24.16,23338.56,23338.56,core,NA
JavaScript development & Outreach,18,02/25/2017,rion,approved,559,298,90,261,0,1,85,0,27,2295,0,core,community
Bus Dev - BlockCypher Maint,0,02/25/2017,babygiraffe,approved,499,20,5,479,1,1,456.67,456.67,27,12330.09,12330.09,application,NA
10+ Dash Videos for March!,21,03/01/2017,JerryBanfield,approved,519,141,28,378,0,1,39,0,42.68,1664.52,0,community,NA
Please Watch Our Preview Video: New Dash Video - Comprehensive Intro And Masternode Tutorial For Non-Technical Investors,30,03/08/2017,DashVideo,not_approved,115,595,2,-480,0,1,235,0,41.74,9808.9,0,documentation,NA
Dash-Australia,16,03/13/2017,shorox,not_approved,195,435,50,-240,0,12,20,0,75,1500,0,community,NA
A Dash Brand ATM in downtown Lyon (70 Dash),39,03/19/2017,thesavoyard,approved,565,114,25,451,1,1,70,70,105.68,7397.6,7397.6,marketing,NA
Future Tech Podcast - We're interviewing Dash-associated devs and individuals,52,03/22/2017,haplopelma,not_approved,216,237,137,-21,0,3,25,0,100.56,2514,0,community,NA
Proposal: Core Team Salaries (April),9,03/27/2017,babygiraffe,approved,659,0,0,659,1,1,397.06,397.06,84.7,33630.982,33630.982,core,NA
Proposal: Conferences & Travel (April),8,03/27/2017,babygiraffe,approved,635,0,6,635,1,1,503.48,503.48,84.7,42644.756,42644.756,marketing,NA
Professional Recruiting,8,03/29/2017,babygiraffe,approved,596,33,2,563,1,1,566.06,566.06,84.73,47962.2638,47962.2638,core,NA
Reduce proposal fees from 5 DASH to 0.1 DASH,113,04/03/2017,Technologov,not_approved,257,904,52,-647,0,1,5,0,63,315,0,governance,NA
Reduce proposal fees from 5 DASH to 1 DASH,68,04/15/2017,Technologov,not_approved,790,719,13,71,0,1,10,0,76.91,769.1,0,governance,NA
Marketing happening and Business event,54,04/19/2017,JZA,approved,965,367,42,598,2,2,120,240,75,9000,18000,marketing,NA
SkySong Open House Reimbursement,11,4/21/2017,TrustThyself,approved,776,3,17,773,1,1,20,20,76.45,1529,1529,community,NA
Core Team Contractors (May),4,04/26/2017,babygiraffe,approved,788,27,0,761,1,1,"2,702.83","2,702.83",78.01,210847.7683,210847.7683,core,NA
Easy and secure Masternode starting from web browser and hardware wallet,29,4/27/2017,Defacto,approved,678,80,12,598,1,1,95,95,86.06,8175.7,8175.7,application,NA
Create the first DASH gateway on Ripple,81,5/6/2017,ggololicic,approved,769,292,15,477,1,1,150,150,101.06,15159,15159,application,NA
"Video blogs, Monthly conferences and News on DASH",28,5/10/2017,sm,approved,697,182,26,515,3,3,23,69,93,2139,6417,community,NA
BUSINESS INTEGRATION INTO RETAIL SECTOR,53,5/11/2017,sm,approved,643,126,15,517,3,3,85,255,92.3,7845.5,23536.5,application,NA
Continuous electrum-dash development and support,16,05/16/2017,akhavr,approved,626,2,4,624,1,1,88,88,87.42,7692.96,7692.96,core,NA
"Dash Branding on Race and Acrobatic airplanes (How I'll promote Dash to 200,000 people per month)",156,05/20/2017,DashAerosports,approved,877,349,25,528,6,6,287,"1,722.00",100.12,28734.44,172406.64,marketing,NA
Core Team Contractors (June),11,05/28/2017,babygiraffe,approved,831,5,0,826,1,1,"1,724.36","1,724.36",102.76,177195.2336,177195.2336,core,NA
DashTreasuryorg-TakingDashto1,85,6/5/2017,DashTreasury,not_approved,650,332,19,318,0,0,5,0,142.7,713.5,0,community,NA
Dash Venture Capital,32,06/08/2017,campbell,not_approved,71,334,57,-263,0,0,75,0,144.26,10819.5,0,community,NA
Should We Continue the Maxed-Out Campaigns?,37,6/12/2017,amanda_b_johnson,approved,575,65,46,510,1,1,5,5,166,830,830,marketing,NA
"Project Jet Plane - YouTube Dash advertising campaign, 10,000+ views per day for 60 days.",50,06/20/2017,Pieter_Eralith,approved,673,94,22,579,2,2,124.81,249.62,186.39,23263.3359,46526.6718,marketing,NA
Tuapoma-Maintenance-Support,33,6/20/2017,tuapoma,not_approved,86,339,64,-253,0,0,33,0,186.39,6150.87,0,marketing,NA
Reimbursement for Social Media-Based Outreach Campaigns,12,06/26/2017,amanda_b_johnson,approved,789,10,17,779,1,1,367,367,161.4,59233.8,59233.8,marketing,NA
IMPROVED DASH BUS TOUR,62,7/3/2017,bchamz,approved,545,38,33,507,1,1,30,30,178.57,5357.1,5357.1,marketing,NA
"DASH EspaÃ±ol, spanish news and podcast show",95,7/14/2017,JZA,approved,492,68,36,424,1,1,57,57,161,9177,9177,community,NA
DASH CONFERENCE - VENEZUELA,13,7/22/2017,algodonfranelas,approved,471,1,16,470,1,1,24,24,198.5,4764,4764,marketing,NA
LietuvosRytasbasketballclubsupport,68,7/24/2017,TonyG,not_approved,143,664,38,-521,0,0,500,0,205.55,102775,0,marketing,NA
Dash Conference 2017 (London),18,7/28/2017,babygiraffe,approved,681,7,3,674,1,1,"1,701.48","1,701.48",185.4,315454.392,315454.392,community,NA
DASH for International Security Exhibition 2017,10,8/4/2017,sm,approved,654,98,33,556,1,1,166,166,186.5,30959,30959,marketing,NA
Renew Airline In-Flight Media Campaign with United Airlines added,36,8/9/2017,Doewapapus,approved,850,259,48,591,3,3,328,984,198.8,65206.4,195619.2,marketing,NA
Dash Force: September - November,93,8/17/2017,Mastermined,approved,860,149,1,711,3,3,200,600,234.5,46900,140700,community,NA
Dash.red,32,8/20/2017,ec1warc1,approved,892,86,40,806,3,3,31.67,95.01,291.62,9235.6054,27706.8162,marketing,NA
DASH-GAP,73,8/22/2017,coingun,approved,880,220,41,660,1,1,"2,000.00","2,000.00",290.1,580200,580200,marketing,NA
Austin Meetup / DASH Stats / 2x Videos on EverydayCrypto,24,8/26/2017,barclays,approved,611,65,65,546,1,1,43,43,397,17071,17071,community,NA
Introducing Dash to Serbian IT community through Startup Grind,17,9/11/2017,nebojsa,approved,879,48,18,831,1,1,21.47,21.47,316.99,6805.7753,6805.7753,marketing,NA
Continuation funding - Understanding the barriers to adoption of Dash by UK businesses and merchants in the Gold and Jewellery Sector (Phase 2),30,9/13/2017,CaptAhab,approved,820,170,44,650,3,3,42.87,128.61,297.78,12765.8286,38297.4858,research,NA
Niche Market Trade Shows - POS Vendors,23,9/16/2017,joemoraca,approved,655,111,30,544,1,1,165,165,300.21,49534.65,49534.65,marketing,NA
The-biggest-billboard-add-in-the-Baltics,26,9/17/2017,rullikas,not_approved,210,394,77,-184,0,0,132,0,312.61,41264.52,0,marketing,NA
DASH Kuva Project - Launching Dash in Zimbabwe,68,9/20/2017,kuvateam,approved,840,337,31,503,3,3,565,"1,695.00",342.13,193303.45,579910.35,application,NA
Marketing & Communication (October),29,9/21/2017,babygiraffe,approved,999,25,6,974,1,1,524.55,524.55,329,172576.95,172576.95,marketing,NA
Dash Integration @ â€žThe House of Nakamotoâ€œ in Vienna (incl. ATM),43,9/22/2017,essra,approved,888,59,40,829,3,3,38,114,341.36,12971.68,38915.04,marketing,NA
Proposal: Dash + CannTrade ,10,9/23/2017,AdamHolub,approved,786,20,21,766,1,1,627,627,351.76,220553.52,220553.52,application,NA
Caracas - Venezuela 1rst conference reposition,34,9/25/2017,algodonfranelas,approved,740,37,35,703,1,1,68,68,347.23,23611.64,23611.64,community,NA
Dash-Lounge-in-Vienna-Austria,12,9/28/2017,NA,not_approved,327,323,12,4,0,0,454,0,340.1,154405.4,0,marketing,NA
The Dash Hardware Wallet - Phase 1,67,10/9/2017,roland,not_approved,119,356,24,-237,0,0,343,0,281.47,96544.21,0,application,NA
DASH Silver Sponsorship of Texas Bitcoin Conference,30,10/13/2017,Danny_Somthin,approved,716,14,19,702,1,1,20,20,308.5,6170,6170,marketing,NA
DASH Global Meetups Around the world,100,10/16/2017,JZA,approved,600,99,29,501,1,1,120,120,302,36240,36240,community,NA
DASH @ FintechWeek & Fintech Startup Weekend,28,10/18/2017,essra,approved,684,24,41,660,1,1,103,103,295.75,30462.25,30462.25,marketing,NA
Evolution-Marketing,37,10/23/2017,srolinson,not_approved,199,533,72,-334,0,0,"2,559.00",0,279.69,715726.71,0,marketing,NA
Bit To Byte: Introducing Dash to Thousands of Students,44,10/25/2017,August,approved,1022,309,30,713,3,3,198,594,287.59,56942.82,170828.46,marketing,NA
General Bytes: Making Dash a First Class Citizen,34,10/27/2017,greencandle,approved,1046,66,13,980,3,3,60,180,280.27,16816.2,50448.6,application,NA
World of Internet Business - Weekly video overview of Dash cryptocurrency news in Russian and much more,37,11/4/2017,JulinGYS,approved,828,168,9,660,6,6,16,96,273.45,4375.2,26251.2,community,NA
DASH to Sponsor Anarchapulco 2018!,26,11/4/2017,juangalt,approved,929,0,16,929,1,1,18,18,273.45,4922.1,4922.1,marketing,NA
IDAC_Dash_Only_Exchange,43,11/10/2017,IDAC_io,not_approved,2,653,18,-651,0,0,"3,029.00",0,326,987454,0,application,NA
"Bringing Dash to the South Asian Freelancing Industry : An Accessibility, Research & Education Project",23,11/15/2017,GauravGupta,approved,812,144,8,668,2,2,88,176,421,37048,74096,marketing,NA
Dash and ASU,74,11/20/2017,boscovic,approved,736,270,54,466,1,1,793,793,477,378261,378261,research,NA
Scaling Up Publicity with Amanda + PMBC,86,11/21/2017,amanda_b_johnson,approved,1149,34,18,1115,1,1,48,48,492.61,23645.28,23645.28,marketing,NA
"PEER Summit Powder Mountain January 5-7, 2018 and Future of Money in San Francisco",26,11/22/2017,campbell,approved,687,95,14,592,1,1,85,85,573,48705,48705,marketing,NA
The #DASH4Nigeria Project,27,11/23/2017,djcrypt0,approved,801,68,1,733,1,1,45,45,559.73,25187.85,25187.85,marketing,NA
Introduction of Dash to Estonia,22,11/25/2017,Hando,approved,788,73,16,715,1,1,21,21,633,13293,13293,marketing,NA
"DASH To Sponsor “HardFork”, World’s Premiere Blockchain TV Series",123,12/4/2017,hardfork-series,approved,870,253,51,617,2,2,405,810,763,309015,618030,marketing,NA
Bring Dash to Global Community - updated,29,12/10/2017,manhuichi,approved,748,110,20,638,2,2,44,88,673.9,29651.6,59303.2,marketing,NA
IDAC_Dash_onboarding_platform,85,12/14/2017,IDAC_io,not_approved,228,463,16,-235,0,0,194,0,929.5,180323,0,marketing,NA
"Dash In-Flight Media Campaign - jetBlue, United & American Airlines",28,12/17/2017,Doewapapus,approved,933,28,18,905,3,3,126,378,1083.45,136514.7,409544.1,marketing,NA
"HWY Road Trip Powered By Dash ""amended & resubmitted""",21,12/19/2017,MarkHWYBrand,approved,683,67,2,616,1,1,84,84,1130.23,94939.32,94939.32,marketing,NA
"MyDashWallet: Easy Wallet Creation, Management, Tipping and Hardware Support",24,12/22/2017,DeltaEngine,approved,792,92,8,700,1,1,25,25,1100,27500,27500,application,NA
Strike Social (Inc. 500 No.17) - Major Dash Integration with Global Press/Marketing/Client Support ,16,12/23/2017,pmckenna12,approved,612,62,16,550,1,1,100,100,1147.5,114750,114750,application,NA
"Building Dash Community in Tallinn, Estonia",22,12/26/2017,rullikas,approved,651,22,22,629,1,1,39,39,1177.93,45939.27,45939.27,community,NA
DashRadar development,27,1/3/2018,Antti-Kaikkonen,approved,606,37,26,569,1,1,21,21,1122.14,23564.94,23564.94,application,NA
StudiesConsultationToolsForDashVenezuela,14,1/7/2018,Coinspreesrl,not_approved,128,382,37,-254,0,0,44,0,1158,50952,0,marketing,NA
"When the minimum price of an average transaction rises above 1 cent, should we lower the transaction fee?",40,1/10/2018,plateglassarmour,approved,623,48,116,575,1,1,5,5,1093.77,5468.85,5468.85,governance,NA
gc-tristar,41,1/11/2018,greencandle,not_approved,534,245,70,289,0,0,122.01,0,993.62,121231.5762,0,marketing,NA
DASH at South by Southwest 2018 (SXSW 2018) - 6 person team,30,1/12/2018,Cryptobadger,approved,588,44,20,544,1,1,115,115,1045,120175,120175,marketing,NA
Documentary Showcasing Dash to Female Audience,12,1/14/2018,InstantKarmaFund,approved,664,119,7,545,1,1,22,22,1003.99,22087.78,22087.78,marketing,NA
DASH-US-Tax-Guide,64,1/16/2018,AttorneyJohnFlynn,not_approved,411,319,33,92,0,0,26,0,741.16,19270.16,0,community,NA
Marketing & Communication,11,1/17/2018,babygiraffe,approved,802,7,2,795,1,1,421.69,421.69,790.34,333278.4746,333278.4746,marketing,NA
Dash Internship Program and SE Asia Representative Office,51,1/17/2018,DashThailand,approved,706,141,25,565,1,1,460,460,790.34,363556.4,363556.4,core,NA
Dash powered real-time strategy browser game. Make Dash a contender in Cryptogames.,36,1/21/2018,monachilada,approved,799,207,64,592,3,3,87,261,807.69,70269.03,210807.09,application,NA
Amanda PR Funding for February + January Update,19,01/22/2018,amanda_b_johnson,approved,913,78,2,835,1,1,28,28,761.68,21327.04,21327.04,marketing,NA
DASHOP.IO – Online Shopping Marketplace,59,1/22/2018,InstantKarmaFund,approved,909,390,52,519,5,5,81,405,761.68,61696.08,308480.4,application,NA
Dash4Change,37,1/25/2018,thearcanebear,not_approved,23,517,48,-494,0,0,733,0,793.07,581320.31,0,marketing,NA
Dashathon,55,2/1/2018,RagnarS,not_approved,90,436,91,-346,0,0,448,0,614,275072,0,marketing,NA
IndeterminacyFest,27,2/5/2018,NA,not_approved,195,208,90,-13,0,0,59,0,450,26550,0,marketing,NA
Dash Africa,24,2/7/2018,DashingDude,approved,923,118,69,805,3,3,24,72,518.37,12440.88,37322.64,community,NA
actionable-data-better-budget-decisions,39,2/9/2018,Cryptobadger,not_approved,235,218,67,17,0,0,117,0,639.56,74828.52,0,community,NA
Digital marketing campaigns for Dash in Russian-speaking internet,35,2/12/2018,Maxjaja,approved,650,79,52,571,1,1,49,49,623,30527,30527,marketing,NA
dash-developer-workshops,47,2/13/2018,manhuichi,not_approved,80,488,117,-408,0,0,110,0,591.4,65054,0,marketing,NA
YouTube Awareness - Country Expansion (Strike Social Inc. 500 No.17),18,2/15/2018,pmckenna12,approved,772,291,53,481,1,3,195,195,700,136500,136500,marketing,NA
Slam Dunk with Dash in Morocco!,63,2/17/2018,lnstantKarmaFund,approved,699,220,26,479,1,1,36,36,738.04,26569.44,26569.44,marketing,NA
Сontinuing electrum-dash development and support in 2018,31,2/19/2018,akhavr,approved,659,22,29,637,1,1,100,100,721.5,72150,72150,core,NA
"Getfreedash for venezuela - 140,000 sign ups and counting, Dash going Viral in Venezuela , Thanks everyone for your Support !!!",108,2/20/2018,dashmaximalist,approved,743,225,50,518,2,3,150,300,674.77,101215.5,202431,marketing,NA
Dash uptake by UK businesses,74,2/21/2018,CaptAhab,active,753,281,14,472,3,6,53,159,654.63,34695.39,104086.17,marketing,NA
"CryptoForum by DASH. Minsk, Belarus, May/June 2018.",25,3/4/2018,ikeaman,approved,740,101,21,639,1,1,90,90,618.63,55676.7,55676.7,marketing,NA
"""Dash People"" - Dash Sport Channel, Dash Ambassador, Dash Adventure",34,3/7/2018,Helena_Besedina,approved,720,164,12,556,3,3,27,81,508.38,13726.26,41178.78,marketing,NA
Partnership With The Free Thought Project to Bring DASH to Millions--Beat the Ban on Crypto Advertising,45,3/9/2018,TFTPROJECT,approved,714,99,9,615,3,3,126,378,496.62,62574.12,187722.36,marketing,NA
DASH MARACAY FIRST CONFERENCE / DASH CITY EXPO-FAIR (VENEZUELA),38,3/10/2018,wgollini,approved,883,76,7,807,1,1,98,98,476.56,46702.88,46702.88,marketing,NA
NIGERIA - MASS ADOPTION BY CREATING UTILITY - Phase One From April to June of 2018,40,3/12/2018,Dash-Africa-Escrow,approved,713,134,2,579,1,1,95.52,95.52,498.94,47658.7488,47658.7488,marketing,NA
DASH Youth Venezuela - Lectures for Schools and Universities in Caracas (Exclusively about DASH),44,3/14/2018,santos_br,approved,947,85,20,862,3,3,25,75,422.47,10561.75,31685.25,marketing,NA
World-Crypto-Con-Sponsorship,15,3/16/2018,Dashonomics,not_approved,140,515,61,-375,0,0,553,0,425,235025,0,marketing,NA
Video with Danny Trejo to Promote Dash on Social Platforms - Fast April Turnaround,41,3/18/2018,nrpetty,not_approved,627,283,29,344,0,0,427,0,396.03,169104.81,0,marketing,NA
DASH EMBASSY D-A-CH Q2/18,79,3/19/2018,DASH_Embassy_DACH,approved,796,189,14,607,3,3,428,"1,284.00",410.17,175552.76,526658.28,marketing,community
We Are Change ,30,3/20/2018,lukewearechange,approved,902,151,12,751,1,1,50,50,429.57,21478.5,21478.5,marketing,NA
Core Team Compensation (April),37,3/20/2018,babygiraffe,approved,1044,18,1,1026,1,1,702.53,702.53,429.57,301785.8121,301785.8121,core,NA
Broadcast_TV_Advertising_Campaign,19,3/22/2018,DEMOincubator_Escrow,not_approved,218,325,42,-107,0,0,487,0,412.23,200756.01,0,marketing,NA
nytimes-full-page-ad,52,3/23/2018,feedbands,not_approved,316,350,22,-34,0,0,345,0,430,148350,0,marketing,NA
core-branding-om-201804,35,3/25/2018,glennaustin,not_approved,346,739,121,-393,0,0,5,0,410.93,2054.65,0,governance,NA
"Advertising Dash on Russian internet. New advertising channels, PR efforts, new promo-content. 96+ million views of Dash ads in May-June.",16,4/6/2018,Maxjaja,approved,605,108,27,497,1,1,294,294,282.5,83055,83055,marketing,NA
DASH-LATAM-DRONE-RACE-SERIES-2018,8,4/9/2018,andresfpv,not_approved,47,399,39,-352,0,0,136,0,299.22,40693.92,0,marketing,NA
Kuvacash Base Funding 002,153,4/10/2018,kuvateam,active,881,346,46,535,3,4,622,"1,866.00",300,186600,559800,application,NA
World Series of Poker ,18,4/11/2018,JonathanLevy,not_approved,386,283,34,103,0,0,154,0,310.8,47863.2,0,marketing,NA
The-San-Francisco-Marathon,30,4/12/2018,SanFranciscoMarathon,not_approved,114,545,12,-431,0,0,"1,800.00",0,358.56,645408,0,marketing,NA
"DASH BUSINESS MASSIVE ADOPTION IN GHANA, WEST AFRICA.",19,4/13/2018,Zambang,approved,709,95,29,614,3,3,28,84,355.62,9957.36,29872.08,marketing,NA
Dash Force May - August,45,4/14/2018,Mastermined,active,820,91,19,729,3,4,150,450,358.41,53761.5,161284.5,community,NA
Core Team Tharp and Clark (May),18,4/14/2018,glennaustin,approved,719,88,10,631,1,1,154.71,154.71,358.41,55449.6111,55449.6111,core,NA
Dash-Advertising-and-Education-in-Media,10,4/16/2018,Mike_Sygula,not_approved,187,136,28,51,0,0,66,0,363.2,23971.2,0,marketing,NA
DashAtlantaBostonTexasCalifornia,18,4/17/2018,bchamz,not_approved,339,113,12,226,0,0,25,0,364.74,9118.5,0,marketing,NA
WeAreChange-Phase2,22,4/19/2018,lukewearechange,not_approved,316,108,85,208,0,0,127,0,435.23,55274.21,0,marketing,NA
Contactless Dash Payments for Porcfest,35,4/23/2018,operaincubator,not_approved,131,251,92,-120,0,0,105,0,500.68,52571.4,0,marketing,NA
WeAreChange-Phase2,22,4/26/2018,lukewearechange,not_approved,316,108,85,208,0,0,127,0,503.76,63977.52,0,marketing,NA
vista-trans-holding-and-dash,21,5/4/2018,VistaTransHolding777,not_approved,29,359,21,-330,0,0,480,0,488,234240,0,marketing,NA
"Dash Medellín / Dash Colombia: 12 meetups, 250 new wallets, merchants, remittances & first conference planning",36,5/7/2018,georgedonnelly,active,736,140,21,596,2,3,22,44,457,10054,20108,community,NA
"FINAL FUNDING (Phase 2): DASH MERCHANTS Exhibition, RADIO Live Telecast + USERS Adoption Ongoing Project: ACCRA, GHANA WEST AFRICA By Ultimatecrypto",54,5/9/2018,DashHubAfrica,approved,791,205,4,586,2,2,49,98,445.02,21805.98,43611.96,marketing,NA
MyDashWallet Continued Development,24,5/11/2018,DeltaEngine,active,799,29,21,770,2,3,22,44,392.72,8639.84,17279.68,application,NA
Building a Dashy Africa - Phase 2,22,5/15/2018,lnstantKarmaFund,approved,591,103,42,488,1,1,72,72,422,30384,30384,marketing,community
Reality_Check_Renewal_Reduced_Proposal,29,5/17/2018,Ben_Swann,not_approved,663,310,22,353,0,0,495,0,385.2,190674,0,marketing,NA
project-constellation,20,5/20/2018,Pieter_Eralith,not_approved,311,108,18,203,0,0,128.28,0,403.13,51713.5164,0,marketing,NA
CARACAS-VENEZUELA-9TH-CONFERENCE-JUNE,23,5/20/2018,algodonfranelas,not_approved,472,108,35,364,0,0,236,0,403.13,95138.68,0,community,NA
DashNexus - Next Generation Treasury and Governance Platform,57,5/22/2018,DashNexus,active,884,120,16,764,2,4,296,592,356.01,105378.96,210757.92,application,NA
Dashlancer : Building a Use Case for Dash in the Cross Border Freelancing Industry. ,13,5/22/2018,GauravGupta,not_approved,347,92,22,255,0,0,75,0,356.01,26700.75,0,marketing,NA
BitGo Dash Implementation,91,5/25/2018,bitgo-luis,active,1085,131,12,954,2,3,516,"1,032.00",334.87,172792.92,345585.84,application,NA
Core Team Legal Budget (July),7,6/5/2018,glennaustin,approved,807,53,24,754,1,1,320,320,317.67,101654.4,101654.4,core,NA
incubationandexchangelistings,17,6/6/2018,cryptolib,not_approved,220,158,36,62,0,0,37,0,315,11655,0,marketing,NA
b2b-b2c-dash-payment-system,16,6/8/2018,Helena_Besedina,not_approved,82,267,31,-185,0,0,288,0,310,89280,0,marketing,NA
"""The Digital Cash Evolution"" By The Crypto Show In 4 Major Markets, Miami, Houston, San Francisco And Phoenix ",55,6/12/2018,Danny_Somthin,active,777,178,10,599,1,3,30,30,257.24,7717.2,7717.2,marketing,NA
Continued_funding_Vlogs_and_News_on_Dash,15,6/17/2018,sm,not_approved,81,162,35,-81,0,0,15,0,263.57,3953.55,0,community,NA